SALE TYPE,SOLD DATE,PROPERTY TYPE,ADDRESS,CITY,STATE OR PROVINCE,ZIP OR POSTAL CODE,PRICE,BEDS,BATHS,LOCATION,SQUARE FEET,LOT SIZE,YEAR BUILT,DAYS ON MARKET,$/SQUARE FEET,HOA/MONTH,STATUS,NEXT OPEN HOUSE START TIME,NEXT OPEN HOUSE END TIME,URL (SEE https://www.redfin.com/buy-a-home/comparative-market-analysis FOR INFO ON PRICING),SOURCE,MLS#,FAVORITE,INTERESTED,LATITUDE,LONGITUDE
MLS Listing,,Single Family Residential,2407 Key Largo Ln,Fort Lauderdale,FL,33312,950000,3,2.0,LAUDERDALE ISLES NO 2-BLK,1462,9825,1955,44,650,,Active,,,https://www.redfin.com/FL/Fort-Lauderdale/2407-Key-Largo-Ln-33312/home/41812837,MARMLS,A11351650,N,Y,26.0914669,-80.1938676
MLS Listing,,Single Family Residential,630 SW 29th Ave,Fort Lauderdale,FL,33312,395000,3,2.0,PARK PLAZA,1225,7312,1964,135,322,,Active,,,https://www.redfin.com/FL/Fort-Lauderdale/630-SW-29th-Ave-33312/home/41794038,MARMLS,A11312670,N,Y,26.1129535,-80.1826897
MLS Listing,,Single Family Residential,2524 Whale Harbor Ln,Fort Lauderdale,FL,33312,949000,3,2.0,Lauderdale Isles 2-resub,1572,7150,1957,1,604,,Active,,,https://www.redfin.com/FL/Fort-Lauderdale/2524-Whale-Harbor-Ln-33312/home/41811444,Beaches MLS,F10377476,N,Y,26.0892529,-80.1994254
MLS Listing,,Single Family Residential,5201 SW 31st Ave #120,Dania Beach,FL,33312,449900,4,2.0,OAK LAKES,1485,,1985,1,303,160,Active,,,https://www.redfin.com/FL/Fort-Lauderdale/5201-SW-31st-Ave-33312/unit-120/home/41817292,MARMLS,A11375767,N,Y,26.0568694,-80.1857847
MLS Listing,,Single Family Residential,2636 Sugarloaf Ln,Fort Lauderdale,FL,33312,2245000,3,3.0,Lauderdale Isles,2217,11315,1956,2,1013,,Active,,,https://www.redfin.com/FL/Fort-Lauderdale/2636-Sugarloaf-Ln-33312/home/41812190,Beaches MLS,F10377355,N,Y,26.0872518,-80.1973773
MLS Listing,,Single Family Residential,5282 SW 38th Ave,Hollywood,FL,33312,1100000,4,2.5,MAPLE RIDGE,2150,5002,2000,2,512,175,Active,April-30-2023 10:00 AM,April-30-2023 12:00 PM,https://www.redfin.com/FL/Fort-Lauderdale/5282-SW-38th-Ave-33312/home/41997939,MARMLS,A11375197,N,Y,26.0574099,-80.1977278
MLS Listing,,Single Family Residential,3131 SW 23rd Ct,Fort Lauderdale,FL,33312,540000,3,2.0,Riverland Village,1436,7000,1960,2,376,,Active,,,https://www.redfin.com/FL/Fort-Lauderdale/3131-SW-23rd-Ct-33312/home/41813984,Beaches MLS,F10376123,N,Y,26.0931542,-80.1864821
MLS Listing,,Single Family Residential,4417 SW 37th Ave,Dania Beach,FL,33312,945000,3,2.0,DAVIS ISLES SEC 5,1896,9800,1968,3,498,,Active,,,https://www.redfin.com/FL/Fort-Lauderdale/4417-SW-37th-Ave-33312/home/41814515,MARMLS,A11374465,N,Y,26.0668849,-80.1960338
MLS Listing,,Single Family Residential,2424 Marathon Ln,Fort Lauderdale,FL,33312,1200000,3,2.0,LAUDERDALE ISLES NO 2-BLK,1462,7150,1955,3,821,,Active,,,https://www.redfin.com/FL/Fort-Lauderdale/2424-Marathon-Ln-33312/home/41813831,MARMLS,A11374849,N,Y,26.090916,-80.194385
MLS Listing,,Single Family Residential,1025 SW 15th Ter,Fort Lauderdale,FL,33312,550000,2,1.0,RIVERSIDE NO 3,726,6000,1941,3,758,,Active,,,https://www.redfin.com/FL/Fort-Lauderdale/1025-SW-15th-Ter-33312/home/41794310,MARMLS,A11373543,N,Y,26.108926,-80.1625528
MLS Listing,,Single Family Residential,3230 SW 17th St,Fort Lauderdale,FL,33312,450000,2,1.0,Riverland Village Sec 1-replat,1133,7350,1957,3,397,,Active,,,https://www.redfin.com/FL/Fort-Lauderdale/3230-SW-17th-St-33312/home/41813639,Beaches MLS,RX-10880357,N,Y,26.0991131,-80.188095
MLS Listing,,Single Family Residential,3818 SW 50th Ct,Fort Lauderdale,FL,33312,825000,4,3.0,Maple Ridge,2184,3645,2001,3,378,127,Active,,,https://www.redfin.com/FL/Fort-Lauderdale/3818-SW-50th-Ct-33312/home/41998986,Beaches MLS,F10377135,N,Y,26.0593661,-80.1975971
MLS Listing,,Townhouse,1927 SW 5th Blvd,Fort Lauderdale,FL,33312,525000,3,2.5,The Edge On 20,1621,,2021,4,324,205,Active,,,https://www.redfin.com/FL/Fort-Lauderdale/1927-SW-5th-Blvd-33312/home/173207202,Beaches MLS,F10376902,N,Y,26.116784,-80.1672785
MLS Listing,,Townhouse,505 SW 18th Ave #8,Fort Lauderdale,FL,33312,575000,3,2.5,Oak Hammock,1858,,2005,4,309,637,Active,,,https://www.redfin.com/FL/Fort-Lauderdale/505-SW-18th-Ave-33312/unit-8/home/42041988,Beaches MLS,F10376806,N,Y,26.116186,-80.1658743
MLS Listing,,Single Family Residential,500 SW 15th Ave,Fort Lauderdale,FL,33312,855000,6,2.0,RIVERSIDE ADD AMEN PLAT,1797,10942,1974,4,476,,Active,,,https://www.redfin.com/FL/Fort-Lauderdale/500-SW-15th-Ave-33312/home/41800693,MARMLS,A11374131,N,Y,26.1144238,-80.1614573
MLS Listing,,Single Family Residential,216 SW 19th Ave,Fort Lauderdale,FL,33312,1480000,3,3.5,ROBERTSON PARK,,13467,2023,6,,,Pre On-Market,,,https://www.redfin.com/FL/Fort-Lauderdale/216-SW-19th-Ave-33312/home/41795990,MARMLS,A11369001,N,Y,26.119286,-80.166558
MLS Listing,,Vacant Land,,Dania Beach,FL,33312,450000,,,,,9353,,6,,,Active,,,https://www.redfin.com/FL/Fort-Lauderdale/Undisclosed-address-33312/home/185143965,MARMLS,A11373224,N,Y,26.077455,-80.175455
MLS Listing,,Townhouse,4901 SW 31st Ter #117,Fort Lauderdale,FL,33312,365000,2,2.5,Oakbridge,1110,,1996,7,329,239,Active,,,https://www.redfin.com/FL/Fort-Lauderdale/4901-SW-31st-Ter-33312/unit-117/home/41817163,Beaches MLS,F10376561,N,Y,26.0607772,-80.1850092
MLS Listing,,Single Family Residential,321 SW 9th Ave,Fort Lauderdale,FL,33312,575000,2,1.0,WAVERLY PLACE,1056,4500,1924,10,545,,Active,April-30-2023 01:00 PM,April-30-2023 04:00 PM,https://www.redfin.com/FL/Fort-Lauderdale/321-Lauderdale-Trl-33312/home/41797812,MARMLS,A11371368,N,Y,26.1180804,-80.1535604
MLS Listing,,Single Family Residential,3516 SW 6th Ct,Fort Lauderdale,FL,33312,444900,3,2.0,MELROSE PARK SEC 5,1659,13864,1955,10,268,,Active,,,https://www.redfin.com/FL/Fort-Lauderdale/3516-SW-6th-Ct-33312/home/41792350,MARMLS,A11369552,N,Y,26.1132593,-80.1938487
MLS Listing,,Single Family Residential,1744 W Las Olas Blvd,Fort Lauderdale,FL,33312,1399000,3,2.0,Gill Isles,2105,13263,1956,11,665,,Active,,,https://www.redfin.com/FL/Fort-Lauderdale/1744-W-Las-Olas-Blvd-33312/home/41796252,Beaches MLS,F10375077,N,Y,26.118838,-80.164819
MLS Listing,,Single Family Residential,1865 SW 24th Ave,Fort Lauderdale,FL,33312,750000,3,2.0,Oak River Sub 77-25 B,1680,7192,1978,11,446,,Active,,,https://www.redfin.com/FL/Fort-Lauderdale/1865-SW-24th-Ave-33312/home/41810221,Beaches MLS,F10375880,N,Y,26.0966366,-80.1739271
MLS Listing,,Single Family Residential,1516 SW 5th Ct,Fort Lauderdale,FL,33312,1525000,2,2.0,GILL ISLES,1197,6741,1957,12,1274,,Active,,,https://www.redfin.com/FL/Fort-Lauderdale/1516-SW-5th-Ct-33312/home/41797600,MARMLS,A11369609,N,Y,26.1152553,-80.1615552
MLS Listing,,Single Family Residential,3712 Riverland Rd,Fort Lauderdale,FL,33312,629000,2,2.0,Lauderdale Isles 2-blk 9,1484,8663,1956,12,424,,Active,,,https://www.redfin.com/FL/Fort-Lauderdale/3712-Riverland-Rd-33312/home/41812698,Beaches MLS,F10374276,N,Y,26.0915044,-80.1970382
MLS Listing,,Single Family Residential,5851 SW 32nd Ter,Hollywood,FL,33312,1695000,4,3.0,REED LAND CO,3232,23132,1960,12,524,,Active,,,https://www.redfin.com/FL/Fort-Lauderdale/5851-SW-32nd-Ter-33312/home/41815681,MARMLS,A11356997,N,Y,26.0501796,-80.1872014
MLS Listing,,Condo/Co-op,1312 SW 3rd Ct #1312,Fort Lauderdale,FL,33312,299000,1,1.0,Sailboat Bend,762,,2005,13,392,235,Active,,,https://www.redfin.com/FL/Fort-Lauderdale/1312-SW-3rd-Ct-33312/unit-1312/home/185032737,Beaches MLS,F10375848,N,Y,26.117989,-80.1588344
MLS Listing,,Single Family Residential,2064 SW 28th Ter,Fort Lauderdale,FL,33312,825000,3,2.0,Chula Vista First Add Rev,1670,7151,1973,14,494,,Active,,,https://www.redfin.com/FL/Fort-Lauderdale/2064-SW-28th-Ter-33312/home/41810505,Beaches MLS,F10373530,N,Y,26.0963689,-80.1798085
MLS Listing,,Single Family Residential,3708 SW 14th St,Fort Lauderdale,FL,33312,270000,2,1.0,Davie Blvd Park 23-6 B,672,5927,1953,16,402,,Active,,,https://www.redfin.com/FL/Fort-Lauderdale/3708-SW-14th-St-33312/home/41816341,Beaches MLS,F10375248,N,Y,26.1029787,-80.1976952
MLS Listing,,Single Family Residential,3441 SW 15th St,Fort Lauderdale,FL,33312,444000,3,2.0,PEARL ESTATES,1224,6000,1959,16,363,,Active,,,https://www.redfin.com/FL/Fort-Lauderdale/3441-SW-15th-St-33312/home/41815412,MARMLS,A11368750,N,Y,26.1022776,-80.1922795
MLS Listing,,Single Family Residential,1451 SW 13th Ct,Fort Lauderdale,FL,33312,735000,3,2.0,South Fork Estates 55-2 B,2674,8426,1966,16,275,,Active,,,https://www.redfin.com/FL/Fort-Lauderdale/1451-SW-13th-Ct-33312/home/41812105,Beaches MLS,F10374791,N,Y,26.1051485,-80.1611322
MLS Listing,,Single Family Residential,4400 SW 26th Ave,Dania Beach,FL,33312,1350000,3,2.0,MARSHALLS EVERGLADE,2154,12228,1978,17,627,,Active,,,https://www.redfin.com/FL/Fort-Lauderdale/4400-SW-26th-Ave-33312/home/41817515,MARMLS,A11368170,N,Y,26.067768,-80.1754093
MLS Listing,,Single Family Residential,382 W Dayton Cir,Fort Lauderdale,FL,33312,469990,3,2.0,Melrose Park Sec 6 Green,1118,7505,1955,17,420,,Active,,,https://www.redfin.com/FL/Fort-Lauderdale/382-W-Dayton-Cir-33312/home/41792667,Beaches MLS,F10375262,N,Y,26.116833,-80.1953306
MLS Listing,,Single Family Residential,2503 Andros Ln,Fort Lauderdale,FL,33312,869000,3,2.0,Lauderdale Isles 2 33-20,1358,6600,1954,18,640,,Active,,,https://www.redfin.com/FL/Fort-Lauderdale/2503-Andros-Ln-33312/home/41811866,Beaches MLS,F10375215,N,Y,26.0885348,-80.1876494
MLS Listing,,Condo/Co-op,3265 Griffin Rd #204,Dania Beach,FL,33312,175000,1,1.0,PALMS AT DANIA BEACH COND,700,,1974,19,250,260,Active,,,https://www.redfin.com/FL/Fort-Lauderdale/3265-Griffin-Rd-33312/unit-204/home/42058576,MARMLS,A11367242,N,Y,26.0628679,-80.1867433
MLS Listing,,Single Family Residential,724 W Las Olas Blvd,Fort Lauderdale,FL,33312,1375000,4,3.5,Bryan Sub,2216,14840,1938,19,620,,Active,,,https://www.redfin.com/FL/Fort-Lauderdale/724-W-Las-Olas-Blvd-33312/home/41796627,Beaches MLS,RX-10878133,N,Y,26.1186701,-80.1514279
MLS Listing,,Single Family Residential,1455 SW 18th Ter,Fort Lauderdale,FL,33312,1624900,3,3.0,Lauderdale Isles 1 31-23,2109,6431,1953,20,770,,Active,,,https://www.redfin.com/FL/Fort-Lauderdale/1455-SW-18th-Ter-33312/home/41810545,Beaches MLS,F10374524,N,Y,26.1029784,-80.1661792
MLS Listing,,Single Family Residential,2478 Cat Cay Ln,Fort Lauderdale,FL,33312,1290000,4,3.0,Lauderdale Isles 2 35-2 B,2173,7696,1954,20,594,,Active,,,https://www.redfin.com/FL/Fort-Lauderdale/2478-Cat-Cay-Ln-33312/home/41815252,Beaches MLS,F10374700,N,Y,26.089354,-80.1892189
MLS Listing,,Single Family Residential,5275 SW 34th Way,Hollywood,FL,33312,1185000,4,2.5,BANYAN OAKRIDGE PLAT,2436,7400,1997,22,486,135,Active,,,https://www.redfin.com/FL/Fort-Lauderdale/5275-SW-34th-Way-33312/home/41819027,MARMLS,A11365913,N,Y,26.0573296,-80.1937485
MLS Listing,,Single Family Residential,2684 Key Largo Ln,Fort Lauderdale,FL,33312,979000,3,2.0,Lauderdale Isles 2-blk 6,1499,8757,1956,22,653,,Active,,,https://www.redfin.com/FL/Fort-Lauderdale/2684-Key-Largo-Ln-33312/home/41814847,Beaches MLS,F10365304,N,Y,26.0857814,-80.1933419
MLS Listing,,Single Family Residential,1625 SW 5th St,Fort Lauderdale,FL,33312,1449000,3,3.0,GILL ISLES,1197,6825,1957,23,1211,,Active,,,https://www.redfin.com/FL/Fort-Lauderdale/1625-SW-5th-St-33312/home/41800128,MARMLS,A11365534,N,Y,26.1165791,-80.1634904
MLS Listing,,Single Family Residential,,Fort Lauderdale,FL,33312,499900,4,2.5,,1560,8651,1952,24,320,,Active,,,https://www.redfin.com/FL/Fort-Lauderdale/Undisclosed-address-33312/home/41791550,MARMLS,A11364358,N,Y,26.1126049,-80.1896206
MLS Listing,,Condo/Co-op,3211 SW 44th St #210,Dania Beach,FL,33312,207500,2,1.0,CANAL GROVES CONDO,595,,1977,24,349,313,Active,,,https://www.redfin.com/FL/Fort-Lauderdale/3211-SW-44th-St-33312/unit-210/home/41816153,MARMLS,A11364866,N,Y,26.0670572,-80.1857411
MLS Listing,,Single Family Residential,3521 Forest View Cir,Fort Lauderdale,FL,33312,2150000,5,5.0,Forest View Estates,4356,7386,2008,24,494,112,Active,,,https://www.redfin.com/FL/Fort-Lauderdale/3521-Forest-View-Cir-33312/home/59201077,Beaches MLS,F10373721,N,Y,26.048787,-80.193065
MLS Listing,,Single Family Residential,1922 SW 5th Rd,Fort Lauderdale,FL,33312,545000,3,2.5,RIVERSIDE PARK TOWNHOUSE,1646,1543,2020,24,331,204,Active,,,https://www.redfin.com/FL/Fort-Lauderdale/1922-SW-5th-Rd-33312/home/175294233,MARMLS,A11364176,N,Y,26.1157593,-80.1672342
MLS Listing,,Single Family Residential,1505 SW 5th Pl,Fort Lauderdale,FL,33312,3950000,5,5.5,Valentines Sub,4203,12683,2023,25,940,,Active,,,https://www.redfin.com/FL/Fort-Lauderdale/1505-SW-5th-Pl-33312/home/41801053,Beaches MLS,F10373171,N,Y,26.1145897,-80.1620527
MLS Listing,,Single Family Residential,3609 SW 22 St,Fort Lauderdale,FL,33312,675000,4,3.0,Fairfax Brolliar Add Sec 5,2500,8250,1959,25,270,,Active,,,https://www.redfin.com/FL/Fort-Lauderdale/3609-SW-22nd-St-33312/home/41816578,Beaches MLS,RX-10877424,N,Y,26.0942628,-80.1943499
MLS Listing,,Single Family Residential,2424 Tortugas Ln,Fort Lauderdale,FL,33312,1550000,3,3.0,LAUDERDALE ISLES NO 2-BLK,1610,7150,1957,27,963,,Active,,,https://www.redfin.com/FL/Fort-Lauderdale/2424-Tortugas-Ln-33312/home/41813232,MARMLS,A11362690,N,Y,26.0907828,-80.1984409
MLS Listing,,Single Family Residential,2613 Key Largo Ln,Fort Lauderdale,FL,33312,989000,4,2.0,Lauderdale Isles,1968,7152,1956,28,503,,Active,,,https://www.redfin.com/FL/Fort-Lauderdale/2613-Key-Largo-Ln-33312/home/41814835,Beaches MLS,F10373636,N,Y,26.0880901,-80.1938244
MLS Listing,,Single Family Residential,1807 SW 24th Ave,Fort Lauderdale,FL,33312,791000,4,3.0,Oak River,2036,8637,1975,31,389,,Active,,,https://www.redfin.com/FL/Fort-Lauderdale/1807-SW-24th-Ave-33312/home/41816242,Beaches MLS,F10373192,N,Y,26.097993,-80.173941
MLS Listing,,Single Family Residential,5732 Ashwood Cir,Hollywood,FL,33312,2775000,6,5.5,Preserve At Emerald Hills,4764,7800,2024,32,582,650,Active,,,https://www.redfin.com/FL/Fort-Lauderdale/5732-Ashwood-Cir-W-33312/home/63058859,Beaches MLS,F10373149,N,Y,26.050133,-80.1939255
MLS Listing,,Single Family Residential,2406 Nassau Ln,Fort Lauderdale,FL,33312,1978000,3,2.5,LAUDERDALE ISLES NO 2-BLK,,9702,1955,32,,,Active,,,https://www.redfin.com/FL/Fort-Lauderdale/2406-Nassau-Ln-33312/home/41815115,MARMLS,A11360685,N,Y,26.0914824,-80.1954011
MLS Listing,,Single Family Residential,2844 SW 3rd Ct,Fort Lauderdale,FL,33312,434900,3,2.0,MIDLAND 1ST ADD,1918,6866,1957,33,227,,Active,,,https://www.redfin.com/FL/Fort-Lauderdale/2844-SW-3rd-Ct-33312/home/41795217,MARMLS,A11360440,N,Y,26.117636,-80.1820764
MLS Listing,,Single Family Residential,5770 E Brookfield Cir E,Hollywood,FL,33312,2350000,5,4.5,Preserve At Emerald Hills,4006,7800,2017,33,587,577,Active,,,https://www.redfin.com/FL/Fort-Lauderdale/5770-Brookfield-Cir-E-33312/home/63058668,Beaches MLS,F10372956,N,Y,26.0492963,-80.1906668
MLS Listing,,Single Family Residential,723 SW 14th Ter,Fort Lauderdale,FL,33312,569900,2,1.0,Riverside Add Amd 1-13 B,776,7337,1947,33,734,,Active,,,https://www.redfin.com/FL/Fort-Lauderdale/723-SW-14th-Ter-33312/home/41797663,Beaches MLS,F10372189,N,Y,26.1119973,-80.1607161
MLS Listing,,Single Family Residential,2413 Nassau Ln,Fort Lauderdale,FL,33312,1050000,3,3.0,Lauderdale Isles,1866,7491,1956,35,563,,Active,,,https://www.redfin.com/FL/Fort-Lauderdale/2413-Nassau-Ln-33312/home/41814122,Beaches MLS,F10372656,N,Y,26.091226,-80.195873
MLS Listing,,Single Family Residential,4481 SW Sw 34th Ave Ave,Fort Lauderdale,FL,33312,899000,4,2.0,Avon Isles,1341,,1958,35,670,,Active,,,https://www.redfin.com/FL/Fort-Lauderdale/4481-SW-34th-Ave-33312/home/41816005,Beaches MLS,RX-10874832,N,Y,26.065367,-80.1890976
MLS Listing,,Single Family Residential,4501 SW 34th Avenue Ave,Fort Lauderdale,FL,33312,899000,3,2.0,Avon Isles,1186,,1958,35,758,,Active,,,https://www.redfin.com/FL/Fort-Lauderdale/4501-SW-34th-Ave-33312/home/41819524,Beaches MLS,RX-10874830,N,Y,26.0651842,-80.1890976
MLS Listing,,Single Family Residential,3537 Forest View Cir,Dania Beach,FL,33312,2250000,5,4.5,Forest View Estates,,,2023,35,,111,Active,,,https://www.redfin.com/FL/Fort-Lauderdale/3537-Forest-View-Cir-33312/home/174214763,MARMLS,A11359111,N,Y,26.0476271,-80.1938558
MLS Listing,,Single Family Residential,3291 SW 44th St,Fort Lauderdale,FL,33312,799000,4,3.0,Canal Groves,1601,,1988,35,499,,Active,,,https://www.redfin.com/FL/Fort-Lauderdale/3291-SW-44th-St-33312/home/41821409,Beaches MLS,RX-10874825,N,Y,26.0670848,-80.1874847
MLS Listing,,Single Family Residential,2548 Marathon Ln,Fort Lauderdale,FL,33312,1295000,4,4.0,LAUDERDALE ISLES NO 2-BLK,2027,7150,1955,37,639,,Active,,,https://www.redfin.com/FL/Fort-Lauderdale/2548-Marathon-Ln-33312/home/41812813,MARMLS,A11358814,N,Y,26.0886002,-80.1943567
MLS Listing,,Condo/Co-op,5130 SW 40th Ave #000,Dania Beach,FL,33314,245000,2,2.0,OAK HILLS CONDO NO IV,1060,,1973,38,231,480,Active,,,https://www.redfin.com/FL/Fort-Lauderdale/5130-SW-40th-Ave-33314/home/181435932,MARMLS,A11355900,N,Y,26.0581478,-80.1991661
MLS Listing,,Single Family Residential,811 SW 31,Fort Lauderdale,FL,33312,488900,5,3.0,MELROSE PARK SEC 3,,,1953,40,,,Active,,,https://www.redfin.com/FL/Fort-Lauderdale/811-SW-31st-Ave-33312/home/41792011,MARMLS,A11354923,N,Y,26.1110718,-80.1862424
MLS Listing,,Vacant Land,37 SW Ter,Dania Beach,FL,33312,879000,,,STIRLING OAKS ESTATES,,22007,,41,,,Active,,,https://www.redfin.com/FL/Davie/37-SW-Ter-33312/home/184698773,MARMLS,A11356256,N,Y,26.0898957,-80.1819268
MLS Listing,,Single Family Residential,625 W Dayton Cir,Fort Lauderdale,FL,33312,475000,2,2.0,MELROSE PARK SEC 5,1302,7507,1956,41,365,,Active,,,https://www.redfin.com/FL/Fort-Lauderdale/625-W-Dayton-Cir-33312/home/41796287,MARMLS,A11355808,N,Y,26.1129889,-80.1972484
MLS Listing,,Single Family Residential,3121 SW 16th Ct,Fort Lauderdale,FL,33312,499900,3,2.0,RIVERLAND VILLAGE SEC 1-R,1519,7350,1959,41,329,,Active,,,https://www.redfin.com/FL/Fort-Lauderdale/3121-SW-16th-Ct-33312/home/41810724,MARMLS,A11351399,N,Y,26.100381,-80.1863958
MLS Listing,,Single Family Residential,1501 SW 1st St,Fort Lauderdale,FL,33312,695000,2,2.0,River Highlands Amd,1422,6901,1940,43,489,,Active,,,https://www.redfin.com/FL/Fort-Lauderdale/1501-Arpeika-St-33312/home/41796008,Beaches MLS,F10371548,N,Y,26.1212357,-80.1617298
MLS Listing,,Single Family Residential,2612 Key Largo Ln,Fort Lauderdale,FL,33312,2200000,6,5.0,LAUDERDALE ISLES NO 2-BLK,3511,7152,2014,44,627,,Active,,,https://www.redfin.com/FL/Fort-Lauderdale/2612-Key-Largo-Ln-33312/home/41814770,MARMLS,A11355085,N,Y,26.0879167,-80.1933337
MLS Listing,,Single Family Residential,3331 SW 51st St,Fort Lauderdale,FL,33312,949000,3,2.0,Banyan Oakridge 157-44 B,1852,5000,1996,44,512,135,Active,,,https://www.redfin.com/FL/Fort-Lauderdale/3331-SW-51st-St-33312/home/41817103,Beaches MLS,F10371374,N,Y,26.0591254,-80.1895769
MLS Listing,,Single Family Residential,2525 Marathon Ln,Fort Lauderdale,FL,33312,1600000,5,4.0,LAUDERDALE ISLES NO 2-BLK,2781,11000,1956,45,575,,Active,,,https://www.redfin.com/FL/Fort-Lauderdale/2525-Marathon-Ln-33312/home/41814109,MARMLS,A11353935,N,Y,26.0892605,-80.1948502
MLS Listing,,Vacant Land,610 W Las Olas Blvd,Fort Lauderdale,FL,33312,105000,,,Symphony Condomimium,,,,48,,,Active,,,https://www.redfin.com/FL/Fort-Lauderdale/610-W-Las-Olas-Blvd-33312/home/181123933,Beaches MLS,F10370793,N,Y,26.1184508,-80.1488986
MLS Listing,,Condo/Co-op,600 W Las Olas Blvd Unit 1708S,Fort Lauderdale,FL,33312,975000,3,2.5,The Symphony,1620,,2005,49,602,1494,Active,,,https://www.redfin.com/FL/Fort-Lauderdale/600-W-Las-Olas-Blvd-33312/unit-1708S/home/42049581,Beaches MLS,F10369086,N,Y,26.1182897,-80.1491649
MLS Listing,,Single Family Residential,3311 SW 57th Pl,Hollywood,FL,33312,1699000,4,2.5,OAK POINT,3164,10445,1984,51,537,485,Active,,,https://www.redfin.com/FL/Fort-Lauderdale/3311-SW-57th-Pl-33312/home/41818325,MARMLS,A11351610,N,Y,26.0508633,-80.1889528
MLS Listing,,Single Family Residential,2613 Tortugas Ln,Fort Lauderdale,FL,33312,1800000,3,2.5,LAUDERDALE ISLES NO 2-BLK,1892,10450,1957,51,951,,Active,,,https://www.redfin.com/FL/Fort-Lauderdale/2613-Tortugas-Ln-33312/home/41811167,MARMLS,A11351446,N,Y,26.0879048,-80.1988114
MLS Listing,,Single Family Residential,2430 Bimini Ln,Fort Lauderdale,FL,33312,899000,3,2.0,Lauderdale Isles,1488,6600,1953,52,604,,Active,,,https://www.redfin.com/FL/Fort-Lauderdale/2430-Bimini-Ln-33312/home/41813864,Beaches MLS,F10370141,N,Y,26.0907713,-80.1882734
MLS Listing,,Single Family Residential,2536 Gulfstream Ln,Fort Lauderdale,FL,33312,1115000,3,2.0,LAUDERDALE ISLES NO 2,1368,7150,1956,54,815,,Active,,,https://www.redfin.com/FL/Fort-Lauderdale/2536-Gulfstream-Ln-33312/home/41812277,MARMLS,A11349896,N,Y,26.0890175,-80.1923485
MLS Listing,,Multi-Family (2-4 Unit),912 SW 22nd Ave,Fort Lauderdale,FL,33312,1199000,21,16.0,BRENDALE HEIGHTS,6218,,1955,54,193,,Active,,,https://www.redfin.com/FL/Fort-Lauderdale/912-SW-22nd-Ave-33312/home/184547538,MARMLS,A11349104,N,Y,26.1102595,-80.1719611
MLS Listing,,Single Family Residential,3161 Riverland Rd,Fort Lauderdale,FL,33312,789000,4,2.0,Riverland Village Sec 1-replat,2084,9100,1961,55,379,,Active,,,https://www.redfin.com/FL/Fort-Lauderdale/3161-Riverland-Rd-33312/home/41813023,Beaches MLS,RX-10869464,N,Y,26.0923367,-80.1872232
MLS Listing,,Single Family Residential,628 SW 14th Ter,Fort Lauderdale,FL,33312,579000,2,1.0,Riverside Add Amd 1-13 B,988,6837,1955,55,586,,Active,,,https://www.redfin.com/FL/Fort-Lauderdale/628-SW-14th-Ter-33312/home/41797672,Beaches MLS,F10369673,N,Y,26.113341,-80.1603236
MLS Listing,,Single Family Residential,2271 SW 30th Ter,Fort Lauderdale,FL,33312,765000,4,2.0,RIVERLAND,2056,10491,1969,61,372,,Active,,,https://www.redfin.com/FL/Fort-Lauderdale/2271-SW-30th-Ter-33312/home/41808247,MARMLS,A11346520,N,Y,26.0936899,-80.1848722
MLS Listing,,Single Family Residential,4919 SW 35th Ter,Hollywood,FL,33312,1100000,4,4.5,MAPLE RIDGE,2510,5259,2000,62,438,120,Active,,,https://www.redfin.com/FL/Fort-Lauderdale/4919-SW-35th-Ter-33312/home/42001412,MARMLS,A11345664,N,Y,26.061355,-80.1925846
MLS Listing,,Single Family Residential,3637 SW 12th Ct,Fort Lauderdale,FL,33312,449900,3,2.0,BRYSA PARK,1088,10342,1949,62,414,,Active,,,https://www.redfin.com/FL/Fort-Lauderdale/3637-SW-12th-Ct-33312/home/41815307,MARMLS,A11345603,N,Y,26.1062201,-80.1970387
MLS Listing,,Condo/Co-op,610 W Las Olas Blvd Unit 913N,Fort Lauderdale,FL,33312,825000,2,2.0,SYMPHONY NORTH CONDO,1298,,2005,62,636,1196,Active,,,https://www.redfin.com/FL/Fort-Lauderdale/610-W-Las-Olas-Blvd-33312/unit-913N/home/42049682,MARMLS,A11345377,N,Y,26.1184508,-80.1488986
MLS Listing,,Multi-Family (2-4 Unit),1713 SW 11th St,Fort Lauderdale,FL,33312,515000,4,2.0,Riverside Park Add Amen P,1595,,1966,63,323,,Active,,,https://www.redfin.com/FL/Fort-Lauderdale/1713-SW-11th-St-33312/home/184342064,Beaches MLS,F10368517,N,Y,26.1087974,-80.1645485
MLS Listing,,Condo/Co-op,2304 Anchor Ct #2702,Dania Beach,FL,33312,379000,3,2.5,Villas at Harbor Isles,1391,,2004,65,272,295,Active,,,https://www.redfin.com/FL/Fort-Lauderdale/2304-Anchor-Ct-33312/unit-2702/home/42030836,MARMLS,A11329799,N,Y,26.059187,-80.171286
MLS Listing,,Single Family Residential,5028 SW 38th Way,Hollywood,FL,33312,729000,3,2.5,MAPLE RIDGE,2471,4139,2002,65,295,169,Active,,,https://www.redfin.com/FL/Fort-Lauderdale/5028-SW-38th-Way-33312/home/42009045,MARMLS,A11342664,N,Y,26.0598161,-80.1981637
MLS Listing,,Townhouse,525 SW 18th Ave #22,Fort Lauderdale,FL,33312,559000,3,2.5,OAK HAMMOCK,1858,,2006,66,301,636,Active,,,https://www.redfin.com/FL/Fort-Lauderdale/525-SW-18th-Ave-33312/unit-22/home/42044522,MARMLS,A11342570,N,Y,26.1153911,-80.1660629
MLS Listing,,Condo/Co-op,610 W Las Olas Blvd Unit 1215N,Fort Lauderdale,FL,33312,600000,2,2.0,SYMPHONY NORTH CONDO,1079,,2005,66,556,925,Active,,,https://www.redfin.com/FL/Fort-Lauderdale/610-W-Las-Olas-Blvd-33312/unit-1215N/home/42047138,MARMLS,A11341291,N,Y,26.1184508,-80.1488986
MLS Listing,,Single Family Residential,1625 SW 30th Ave,Fort Lauderdale,FL,33312,899000,4,2.0,CHULA VISTA 3RD ADD,921,8104,1952,75,976,,Active,,,https://www.redfin.com/FL/Fort-Lauderdale/1625-SW-30th-Ave-33312/home/41811058,MARMLS,A11339820,N,Y,26.100779,-80.1843898
MLS Listing,,Vacant Land,1670 Riverland Rd,Fort Lauderdale,FL,33312,2200000,,,AMENDED SUB OF,,19655,,75,,,Active,,,https://www.redfin.com/FL/Fort-Lauderdale/1670-Riverland-Rd-33312/home/41810783,MARMLS,A11339763,N,Y,26.0997894,-80.1759325
MLS Listing,,Single Family Residential,5700 Brookfield Cir,Hollywood,FL,33312,1799000,4,3.5,Preserve At Emerald Hills,3100,7800,2019,75,580,550,Active,,,https://www.redfin.com/FL/Davie/5700-Brookfield-Cir-E-33312/home/63058665,Beaches MLS,F10367041,N,Y,26.0502407,-80.1906988
MLS Listing,,Single Family Residential,1724 SW 5th St,Fort Lauderdale,FL,33312,938500,2,2.0,GILL ISLES,1197,6825,1957,77,784,,Active,,,https://www.redfin.com/FL/Fort-Lauderdale/1724-SW-5th-St-33312/home/41798609,MARMLS,A11338320,N,Y,26.1160976,-80.1648801
MLS Listing,,Single Family Residential,1521 SW 5th Ct,Fort Lauderdale,FL,33312,1315999,3,2.5,GILL ISLES,1818,7150,1957,79,724,,Active,,,https://www.redfin.com/FL/Fort-Lauderdale/1521-SW-5th-Ct-33312/home/41795665,MARMLS,A11337008,N,Y,26.1157053,-80.1617601
MLS Listing,,Single Family Residential,3839 SW 51st St,Fort Lauderdale,FL,33312,799000,4,3.0,Mapleridge,2350,,2002,80,340,179,Active,,,https://www.redfin.com/FL/Fort-Lauderdale/3839-SW-51st-St-33312/home/42008480,Beaches MLS,F10366150,N,Y,26.0591555,-80.1978586
MLS Listing,,Single Family Residential,1624 SW 30th Ave,Fort Lauderdale,FL,33312,449999,2,2.0,CHULA VISTA 3RD ADD,960,8104,1955,80,469,,Active,,,https://www.redfin.com/FL/Fort-Lauderdale/1624-SW-30th-Ave-33312/home/41811488,MARMLS,A11336816,N,Y,26.1008026,-80.1839775
MLS Listing,,Single Family Residential,171 Florida Ave,Fort Lauderdale,FL,33312,449000,4,2.0,MELROSE PARK SEC 1,1537,13388,1952,80,292,,Active,,,https://www.redfin.com/FL/Fort-Lauderdale/171-Florida-Ave-33312/home/42078940,MARMLS,A11337015,N,Y,26.119512,-80.1884001
MLS Listing,,Single Family Residential,4406 SW 37th Ave,Dania Beach,FL,33312,1100000,5,3.0,DAVIS ISLES SEC 5,2209,14858,1969,81,498,,Active,,,https://www.redfin.com/FL/Fort-Lauderdale/4406-SW-37th-Ave-33312/home/41817052,MARMLS,A11335383,N,Y,26.067353,-80.195484
MLS Listing,,Single Family Residential,2809 SW 46th St,Dania Beach,FL,33312,1249000,4,2.0,AVON HEIGHTS,2064,11356,1974,82,605,,Active,,,https://www.redfin.com/FL/Fort-Lauderdale/2809-SW-46th-St-33312/home/41818300,MARMLS,A11336126,N,Y,26.0652943,-80.1793329
MLS Listing,,Single Family Residential,1608 SW 5th Ct,Fort Lauderdale,FL,33312,1275000,3,2.0,GILL ISLES,1642,7475,1959,83,776,,Active,,,https://www.redfin.com/FL/Fort-Lauderdale/1608-SW-5th-Ct-33312/home/41795644,MARMLS,A11332403,N,Y,26.1152367,-80.1626006
MLS Listing,,Single Family Residential,4841 SW 34th Ter,Hollywood,FL,33312,719000,3,2.5,Banyan Oakridge Plat,1852,5268,1998,83,388,135,Active,,,https://www.redfin.com/FL/Fort-Lauderdale/4841-SW-34th-Ter-33312/home/41818914,Beaches MLS,F10365901,N,Y,26.0620386,-80.1918872
MLS Listing,,Vacant Land,4681 SW 33rd Ave,Dania Beach,FL,33312,850000,,,FIRST ADDITION TO CANAL G,,21750,,84,,,Active,,,https://www.redfin.com/FL/Fort-Lauderdale/4681-SW-33rd-Ave-33312/home/41818872,MARMLS,A11334809,N,Y,26.0638095,-80.1877027
MLS Listing,,Single Family Residential,3512 Riverland Rd,Fort Lauderdale,FL,33312,1399000,3,3.0,Lauderdale Isles,1798,8599,1955,86,778,,Active,,,https://www.redfin.com/FL/Fort-Lauderdale/3512-Riverland-Rd-33312/home/41813803,Beaches MLS,F10365538,N,Y,26.091636,-80.1930205
MLS Listing,,Single Family Residential,1380 SW 34th Ave,Fort Lauderdale,FL,33312,534900,4,3.0,BREEZYWAY MANOR SECOND AD,1722,6369,1959,86,311,,Active,,,https://www.redfin.com/FL/Fort-Lauderdale/1380-SW-34th-Ave-33312/home/41816319,MARMLS,A11334087,N,Y,26.1032078,-80.1911103
MLS Listing,,Single Family Residential,2406 Marathon Ln,Fort Lauderdale,FL,33312,1390000,3,2.0,LAUDERDALE ISLES NO 2-BLK,1462,9702,1956,87,951,,Active,,,https://www.redfin.com/FL/Fort-Lauderdale/2406-Marathon-Ln-33312/home/41815830,MARMLS,A11333775,N,Y,26.0915025,-80.1943819
MLS Listing,,Vacant Land,4721 SW 26 Ave,Dania Beach,FL,33312,1750000,,,MASRI ESTATES,,6113,,87,,,Active,,,https://www.redfin.com/FL/Fort-Lauderdale/4721-SW-26th-Ave-33312/home/183973708,MARMLS,A11333519,N,Y,26.0641131,-80.1751346
MLS Listing,,Vacant Land,Griffin Rd,Dania Beach,FL,33312,1750000,,,MASRI ESTATES,,6114,,87,,,Active,,,https://www.redfin.com/FL/Dania-Beach/Griffin-Rd-33004/home/41814872,MARMLS,A11333442,N,Y,26.062264,-80.175656
MLS Listing,,Single Family Residential,1501 SW 5th Ct,Fort Lauderdale,FL,33312,1850000,5,6.0,GILL ISLES,1677,9719,1960,90,1103,,Active,,,https://www.redfin.com/FL/Fort-Lauderdale/1501-SW-5th-Ct-33312/home/41795652,MARMLS,A11328868,N,Y,26.1157126,-80.1606097
MLS Listing,,Single Family Residential,1612 SW 17th Ave,Fort Lauderdale,FL,33312,1599000,3,2.5,BOSSERT ISLES,2488,10752,1969,92,643,,Active,,,https://www.redfin.com/FL/Fort-Lauderdale/1612-SW-17th-Ave-33312/home/41810712,MARMLS,A11330979,N,Y,26.1006589,-80.163318
MLS Listing,,Multi-Family (2-4 Unit),3621 SW 12th Ct,Fort Lauderdale,FL,33312,375000,2,2.0,Brysa Park 8-45 B,1010,,1954,95,371,,Active,,,https://www.redfin.com/FL/Fort-Lauderdale/3621-SW-12th-Ct-33312/home/41815305,Beaches MLS,F10364075,N,Y,26.1062225,-80.1964261
MLS Listing,,Single Family Residential,2833 SW 4th Ct,Fort Lauderdale,FL,33312,539000,4,2.0,MIDLAND 1ST ADD,1849,6000,1967,96,292,,Active,,,https://www.redfin.com/FL/Fort-Lauderdale/2833-SW-4th-Ct-33312/home/41794706,MARMLS,A11327679,N,Y,26.1167134,-80.181333
MLS Listing,,Single Family Residential,1407 SW 5th Ct,Fort Lauderdale,FL,33312,3985000,5,4.0,RIVERSIDE ADD AMENT PLAT,4810,22808,2023,96,828,,Active,,,https://www.redfin.com/FL/Fort-Lauderdale/1407-Sw-5th-Ct-33312/home/41797678,MARMLS,A11328662,N,Y,26.1155464,-80.1599738
MLS Listing,,Single Family Residential,1037 Park Dr,Fort Lauderdale,FL,33312,439900,4,2.0,Parkwood Sec OF Melrose Park,1476,7649,1958,96,298,,Active,,,https://www.redfin.com/FL/Fort-Lauderdale/1037-Park-Dr-33312/home/41796325,Beaches MLS,RX-10858813,N,Y,26.1090997,-80.187136
MLS Listing,,Single Family Residential,1708 SW 5th St,Fort Lauderdale,FL,33312,1240000,3,2.0,Gill Isles 44-13 B,1487,6825,1957,97,834,,Active,,,https://www.redfin.com/FL/Fort-Lauderdale/1708-SW-5th-St-33312/home/41800615,Beaches MLS,F10359699,N,Y,26.1162141,-80.1641829
MLS Listing,,Single Family Residential,4950 Windward Way,Dania Beach,FL,33312,399000,3,3.0,VILLAS AT HARBOR ISLES CO,1382,,2004,99,289,330,Active,,,https://www.redfin.com/FL/Fort-Lauderdale/4950-Windward-Way-33312/home/182963628,MARMLS,A11305754,N,Y,26.060293,-80.1710499
MLS Listing,,Single Family Residential,2411 SW 29th Way,Fort Lauderdale,FL,33312,1100000,4,3.5,17-50-42 & 20-50-42,2216,10828,1974,100,496,83,Active,,,https://www.redfin.com/FL/Fort-Lauderdale/2411-SW-29th-Way-33312/home/41812950,Beaches MLS,F10363515,N,Y,26.0921118,-80.1829294
MLS Listing,,Single Family Residential,1524 SW 5th Ct,Fort Lauderdale,FL,33312,900000,3,2.0,GILL ISLES,1560,7475,1957,101,577,,Active,,,https://www.redfin.com/FL/Fort-Lauderdale/1524-SW-5th-Ct-33312/home/41795120,MARMLS,A11320397,N,Y,26.1152535,-80.1619476
MLS Listing,,Single Family Residential,2512 Gulfstream Ln,Fort Lauderdale,FL,33312,1110000,4,2.0,LAUDERDALE ISLES NO 2,1412,7150,1956,102,786,,Active,,,https://www.redfin.com/FL/Fort-Lauderdale/2512-Gulfstream-Ln-33312/home/41814241,MARMLS,A11325840,N,Y,26.089727,-80.192355
MLS Listing,,Single Family Residential,5550 Woodland Ln,Dania Beach,FL,33312,1445000,4,3.0,REED LAND CO,3090,35476,1983,104,468,,Active,,,https://www.redfin.com/FL/Fort-Lauderdale/5550-Woodland-Ln-33312/home/41819167,MARMLS,A11321931,N,Y,26.0524967,-80.1970523
MLS Listing,,Townhouse,1516 SW 4th Ave #1516,Fort Lauderdale,FL,33315,895000,3,2.5,Lauderdale,,,2022,104,,,Active,,,https://www.redfin.com/FL/Fort-Lauderdale/1516-SW-4th-St-33312/unit-1516/home/184089275,Beaches MLS,F10362836,N,Y,26.1182376,-80.1625759
MLS Listing,,Single Family Residential,5605 Brookfield Cir E,Hollywood,FL,33312,2195000,4,4.0,PRESERVE AT EMERALD HILLS,3100,7666,2021,104,708,682,Active,,,https://www.redfin.com/FL/Fort-Lauderdale/5605-Brookfield-Cir-E-33312/home/63058875,MARMLS,A11324605,N,Y,26.0510059,-80.1912271
MLS Listing,,Single Family Residential,1443 SW 5th Ct,Fort Lauderdale,FL,33312,1680000,3,2.0,Riverside Add Amd 1-13 B,2085,10075,1931,107,806,,Active,,,https://www.redfin.com/FL/Fort-Lauderdale/1443-SW-5th-Ct-33312/home/41798204,Beaches MLS,F10362130,N,Y,26.1149209,-80.1610431
MLS Listing,,Single Family Residential,1617 SW 17th Ave,Fort Lauderdale,FL,33312,2495000,5,3.0,BOSSERT ISLES,2500,7949,1975,113,998,,Active,,,https://www.redfin.com/FL/Fort-Lauderdale/1617-SW-17th-Ave-33312/home/41809698,MARMLS,A11314092,N,Y,26.100472,-80.1638118
MLS Listing,,Single Family Residential,1431 SW 5th Ct,Fort Lauderdale,FL,33312,1550000,3,3.0,Riverside Add Amd 1-13 B,15228,15228,1941,114,102,,Active,,,https://www.redfin.com/FL/Fort-Lauderdale/1431-SW-5th-Ct-33312/home/41796220,Beaches MLS,F10361641,N,Y,26.1147633,-80.1604108
MLS Listing,,Mobile/Manufactured Home,2750 SW 54th St,Fort Lauderdale,FL,33312,270000,3,2.0,Ravenswood Estates,1670,3810,1973,115,162,100,Active,,,https://www.redfin.com/FL/Fort-Lauderdale/2750-SW-54th-St-33312/home/41816864,Beaches MLS,F10361264,N,Y,26.0546169,-80.1771706
MLS Listing,,Multi-Family (2-4 Unit),813 Middle St,Fort Lauderdale,FL,33312,1200000,3,3.0,Bryan Sub Of Blk 21 Ft La,1950,,1972,116,615,,Active,,,https://www.redfin.com/FL/Fort-Lauderdale/813-SW-2nd-Ct-33312/home/183596251,Beaches MLS,F10361467,N,Y,26.1197482,-80.1525167
MLS Listing,,Single Family Residential,671 SW 28th Way,Fort Lauderdale,FL,33312,440000,4,2.0,PARK PLAZA,1405,8116,1976,118,313,,Active,,,https://www.redfin.com/FL/Fort-Lauderdale/671-SW-28th-Way-33312/home/41795528,MARMLS,A11319546,N,Y,26.1123048,-80.1805536
MLS Listing,,Single Family Residential,2060 SW 16th Ct,Fort Lauderdale,FL,33312,1800000,4,3.0,STARLIGHT LANDING,3714,42745,1965,122,485,,Active,,,https://www.redfin.com/FL/Fort-Lauderdale/2060-SW-16th-Ct-33312/home/41810256,MARMLS,A11318872,N,Y,26.0989265,-80.1679976
MLS Listing,,Single Family Residential,4541 SW 26th Ter,Dania Beach,FL,33312,790000,3,2.0,MARSHALLS EVERGLADES,1344,5396,2020,128,588,,Active,,,https://www.redfin.com/FL/Fort-Lauderdale/4541-SW-26th-Ter-33312/home/42008511,MARMLS,A11316754,N,Y,26.0655197,-80.1761471
MLS Listing,,Single Family Residential,2619 Marathon Ln,Fort Lauderdale,FL,33312,1150000,4,2.0,LAUDERDALE ISLES NO 2-BLK,1994,7150,1961,128,577,,Active,,,https://www.redfin.com/FL/Fort-Lauderdale/2619-Marathon-Ln-33312/home/41813124,MARMLS,A11316265,N,Y,26.0878828,-80.1948348
MLS Listing,,Single Family Residential,1812 SW 9th St,Fort Lauderdale,FL,33312,799000,3,3.0,RIVERSIDE PARK,1126,6050,1959,129,710,,Active,,,https://www.redfin.com/FL/Fort-Lauderdale/1812-SW-9th-St-33312/home/41799889,MARMLS,A11316229,N,Y,26.1106172,-80.1655908
MLS Listing,,Single Family Residential,1010 Atkinson Ave,Fort Lauderdale,FL,33312,475000,5,2.0,Melrose Park Sec 7,2331,7999,1956,129,204,,Active,,,https://www.redfin.com/FL/Fort-Lauderdale/1010-Atkinson-Ave-33312/home/41793982,Beaches MLS,F10355154,N,Y,26.1089587,-80.1988629
MLS Listing,,Single Family Residential,3830 SW 51st St,Hollywood,FL,33312,829000,4,2.5,MAPLE RIDGE,2162,3600,2003,130,383,159,Active,,,https://www.redfin.com/FL/Fort-Lauderdale/3830-SW-51st-St-33312/home/42003616,MARMLS,A11315838,N,Y,26.0588688,-80.1980111
MLS Listing,,Single Family Residential,,Fort Lauderdale,FL,33312,1399000,3,2.0,,1624,11000,1956,133,861,,Active,,,https://www.redfin.com/FL/Fort-Lauderdale/Undisclosed-address-33312/home/41815315,MARMLS,A11311938,N,Y,26.0877044,-80.1923231
MLS Listing,,Single Family Residential,2698 SW 30th Ter,Fort Lauderdale,FL,33312,2300000,3,3.5,Riverland Manors 27-49 B,2433,15867,1951,135,945,,Active,,,https://www.redfin.com/FL/Fort-Lauderdale/2698-SW-30th-Ter-33312/home/41810893,Beaches MLS,F10359580,N,Y,26.088169,-80.184553
MLS Listing,,Condo/Co-op,600 W Las Olas Blvd Unit 1601S,Fort Lauderdale,FL,33312,570000,2,2.0,SYMPHONY SOUTH CONDO,1000,,2005,139,570,1842,Active,,,https://www.redfin.com/FL/Fort-Lauderdale/600-W-Las-Olas-Blvd-33312/unit-1601S/home/42042910,MARMLS,A11298999,N,Y,26.1182897,-80.1491649
MLS Listing,,Condo/Co-op,2300 Coral Reef Ct #4701,Dania Beach,FL,33312,378000,3,2.5,VILLAS AT HARBOR ISLES CO,1396,,2004,144,271,330,Active,,,https://www.redfin.com/FL/Fort-Lauderdale/2300-Coral-Reef-Ct-33312/unit-4701/home/42026897,MARMLS,A11309336,N,Y,26.062131,-80.171985
MLS Listing,,Condo/Co-op,610 W Las Olas Blvd #921,Fort Lauderdale,FL,33312,580000,2,2.0,Symphony,1036,,2005,146,560,887,Active,,,https://www.redfin.com/FL/Fort-Lauderdale/610-W-Las-Olas-Blvd-33312/unit-921/home/178675562,Beaches MLS,F10358105,N,Y,26.1184508,-80.1488986
MLS Listing,,Single Family Residential,1320 SW 14 Ave,Fort Lauderdale,FL,33312,1999000,4,3.0,Shady Banks,2484,16837,1963,154,805,,Active,,,https://www.redfin.com/FL/Fort-Lauderdale/1320-SW-14th-Ave-33312/home/41808161,Beaches MLS,F10357273,N,Y,26.1049071,-80.1602582
MLS Listing,,Single Family Residential,5704 W Ashwood,Fort Lauderdale,FL,33312,2245000,5,4.5,Preserve at Emerald Hills,4056,9371,2024,157,554,550,Active,,,https://www.redfin.com/FL/Fort-Lauderdale/5704-Ashwood-Cir-W-33312/home/63058861,MARMLS,A11304285,N,Y,26.0505118,-80.1939241
MLS Listing,,Single Family Residential,1100 SW 14th Ter,Fort Lauderdale,FL,33312,3300000,4,3.0,Grimm-miller Addition,3096,31773,1978,160,1066,,Active,,,https://www.redfin.com/FL/Fort-Lauderdale/1100-SW-14th-Ter-33312/home/41794854,Beaches MLS,F10356272,N,Y,26.1088156,-80.159985
MLS Listing,,Single Family Residential,1524 Argyle Dr,Fort Lauderdale,FL,33312,2850000,6,7.0,n/a,4022,8602,1995,168,709,,Active,,,https://www.redfin.com/FL/Fort-Lauderdale/1524-Argyle-Dr-33312/home/41796051,MARMLS,A11299178,N,Y,26.1197095,-80.1626946
MLS Listing,,Vacant Land,3463 Griffin Rd,Dania Beach,FL,33312,4180000,,,DAVIS ISLES,,50883,,170,,,Active,,,https://www.redfin.com/FL/Fort-Lauderdale/3463-Griffin-Rd-33312/home/45480840,MARMLS,A11298459,N,Y,26.0627745,-80.1917892
MLS Listing,,Single Family Residential,5920 SW 33rd Ln,Hollywood,FL,33312,2200000,5,5.0,Oak Point,3000,14687,1984,171,733,505,Active,,,https://www.redfin.com/FL/Fort-Lauderdale/5920-SW-33rd-Ln-33312/home/41814802,Beaches MLS,F10355194,N,Y,26.0475519,-80.1898822
MLS Listing,,Mobile/Manufactured Home,2936 W Marina Dr,Dania,FL,33312,189000,2,2.0,Ravenswood Estates & Mari,832,,1973,172,227,100,Active,,,https://www.redfin.com/FL/Fort-Lauderdale/2936-W-Marina-Dr-33312/home/41817793,Beaches MLS,F10354660,N,Y,26.0513321,-80.1815912
MLS Listing,,Single Family Residential,5240 SW 33way,Hollywood,FL,33312,1299000,5,3.0,Banyan Oakridge Plat,3199,,1996,172,406,134,Active,,,https://www.redfin.com/FL/Fort-Lauderdale/5240-SW-33rd-Way-33312/home/41816099,Beaches MLS,F10354535,N,Y,26.0578129,-80.1901204
MLS Listing,,Single Family Residential,4541 SW 28th Ter,Dania Beach,FL,33312,599000,3,2.0,R Y K HOMESITES,1376,7667,1984,173,435,,Active,,,https://www.redfin.com/FL/Fort-Lauderdale/4541-SW-28th-Ter-33312/home/41818235,MARMLS,A11297035,N,Y,26.0654264,-80.1797328
MLS Listing,,Condo/Co-op,610 W Las Olas Blvd Unit 715N,Fort Lauderdale,FL,33312,629000,2,2.0,Symphony North,1079,,2005,178,583,925,Active,,,https://www.redfin.com/FL/Fort-Lauderdale/610-W-Las-Olas-Blvd-33312/unit-715N/home/42045951,Beaches MLS,F10353532,N,Y,26.1184508,-80.1488986
MLS Listing,,Single Family Residential,204 SW 24th Ave,Fort Lauderdale,FL,33312,300000,2,1.0,WOODLAND PARK AMD PLAT,800,8827,1959,181,375,,Active,,,https://www.redfin.com/FL/Fort-Lauderdale/204-SW-24th-Ave-33312/home/41794638,MARMLS,A11283567,N,Y,26.1181903,-80.1736955
MLS Listing,,Vacant Land,3671 Davie Blvd,Fort Lauderdale,FL,33312,1500,,,BRYSA PARK EXT,,11340,,181,,,Active,,,https://www.redfin.com/FL/Fort-Lauderdale/3671-Davie-Blvd-33312/home/182464207,MARMLS,A11292720,N,Y,26.104805,-80.1968412
MLS Listing,,Mobile/Manufactured Home,2116 SW 52nd St,Dania Beach,FL,33312,229000,2,2.0,RAVENSWOOD ESTATES & MARI,1000,3360,1980,192,229,60,Active,,,https://www.redfin.com/FL/Fort-Lauderdale/2116-SW-52nd-St-33312/home/41818614,MARMLS,A11281625,N,Y,26.057506,-80.168852
MLS Listing,,Single Family Residential,2425 Whale Harbor Ln,Fort Lauderdale,FL,33312,689000,2,2.0,Lauderdale Isles 2-blk 12,2166,8250,1957,205,318,,Active,,,https://www.redfin.com/FL/Fort-Lauderdale/2425-Whale-Harbor-Ln-33312/home/41812973,Beaches MLS,F10347469,N,Y,26.0906359,-80.1999257
MLS Listing,,Single Family Residential,4896 SW 28th Ter,Dania Beach,FL,33312,479000,3,2.0,JACARANDA HEIGHTS,979,8106,1953,206,489,,Active,,,https://www.redfin.com/FL/Fort-Lauderdale/4896-SW-28th-Ter-33312/home/41819437,MARMLS,A11281984,N,Y,26.0612854,-80.1787243
MLS Listing,,Single Family Residential,1736 SW 4th St,Fort Lauderdale,FL,33312,789900,3,2.0,SANFORD D ADLER SUB,1425,11440,1972,229,554,,Active,,,https://www.redfin.com/FL/Fort-Lauderdale/1736-SW-4th-St-33312/home/41800267,MARMLS,A11268321,N,Y,26.117829,-80.164648
MLS Listing,,Single Family Residential,811 SW 4th Pl,Fort Lauderdale,FL,33312,689000,,,Bryan Place,7650,7650,,240,90,,Active,,,https://www.redfin.com/FL/Fort-Lauderdale/811-Bryan-Pl-33312/home/114030616,Beaches MLS,F10346182,N,Y,26.1166831,-80.1524309
MLS Listing,,Single Family Residential,1714 W Las Olas Blvd,Fort Lauderdale,FL,33312,1590000,3,2.0,RIVER VISTA,1267,6546,1957,242,1255,,Active,,,https://www.redfin.com/FL/Fort-Lauderdale/1714-W-Las-Olas-Blvd-33312/home/41796241,MARMLS,A11261506,N,Y,26.1188566,-80.1634702
MLS Listing,,Single Family Residential,2281 SW 26th Ave,Fort Lauderdale,FL,33312,4650000,5,5.5,Palm Grove Acres 30-38 B,5300,17685,2022,254,877,,Active,,,https://www.redfin.com/FL/Fort-Lauderdale/2281-SW-26th-Ave-33312/home/41814926,Beaches MLS,F10339324,N,Y,26.0938704,-80.1762377
MLS Listing,,Vacant Land,1430 Davie Blvd,Fort Lauderdale,FL,33312,999000,,,SOUTH FORK ESTS,,14114,,254,,,Active,,,https://www.redfin.com/FL/Fort-Lauderdale/1430-Davie-Blvd-33312/home/41809432,MARMLS,A11252870,N,Y,26.1069175,-80.1608246
MLS Listing,,Vacant Land,15 SW Ave,Fort Lauderdale,FL,33312,699000,,,SHADY BANKS,,8814,,254,,,Active,,,https://www.redfin.com/FL/Fort-Lauderdale/15-SW-Ave-33312/home/181031006,MARMLS,A11252854,N,Y,26.0898957,-80.1819268
MLS Listing,,Vacant Land,3841 Griffin Rd,Dania Beach,FL,33312,3000000,,,DAVIS ISLES RESUB OF SEC,,33547,,278,,,Active,,,https://www.redfin.com/FL/Fort-Lauderdale/3841-Griffin-Rd-33312/home/180584262,MARMLS,A11242856,N,Y,26.0631111,-80.1972266
MLS Listing,,Single Family Residential,737 SW 14th Ave,Fort Lauderdale,FL,33312,939000,2,3.0,Riverside Add Amen Plat,1769,13675,1958,280,531,,Active,,,https://www.redfin.com/FL/Fort-Lauderdale/737-SW-14th-Ave-33312/home/41794200,Beaches MLS,F10337381,N,Y,26.1116723,-80.159825
MLS Listing,,Single Family Residential,1611 SW 30th Ave,Fort Lauderdale,FL,33312,329000,0,,Chula Vista,,7562,2022,284,,,Active,,,https://www.redfin.com/FL/Fort-Lauderdale/1611-Sw-30th-Ave-33312/home/114030645,MARMLS,A11240625,N,Y,26.1009058,-80.1844876
MLS Listing,,Single Family Residential,5128 SW 32nd Ave,Hollywood,FL,33312,1295000,5,5.0,Banyan Oakridge,3698,11070,1997,293,350,135,Active,,,https://www.redfin.com/FL/Fort-Lauderdale/5128-SW-32nd-Ave-33312/home/41815973,Beaches MLS,F10334077,N,Y,26.0584487,-80.1865107
MLS Listing,,Vacant Land,2151 Davie Blvd,Fort Lauderdale,FL,33312,950000,,,BRENDALE HEIGHTS,,12722,,300,,,Active,,,https://www.redfin.com/FL/Fort-Lauderdale/2151-Davie-Blvd-33312/home/169389811,MARMLS,A11229088,N,Y,26.107116,-80.171833
MLS Listing,,Single Family Residential,2424 Sugar Loaf Ln,Fort Lauderdale,FL,33312,1299680,3,2.5,Lauderdale Isles,2178,,1956,306,597,,Active,,,https://www.redfin.com/FL/Fort-Lauderdale/2424-Sugarloaf-Ln-33312/home/41816703,Beaches MLS,RX-10810326,N,Y,26.090813,-80.1974
MLS Listing,,Vacant Land,4400 SW 27th Ave,Dania Beach,FL,33312,1260000,,,MARSHALLS EVERGLADE SUB,,19584,,312,,,Active,,,https://www.redfin.com/FL/Fort-Lauderdale/4400-SW-27th-Ave-33312/home/41817498,MARMLS,A11221817,N,Y,26.0675623,-80.1764121
MLS Listing,,Single Family Residential,2481 Andros Ln,Fort Lauderdale,FL,33312,1150000,3,2.0,Lauderdale Isles 2 33-20,1600,6600,1954,314,719,,Active,,,https://www.redfin.com/FL/Fort-Lauderdale/2481-Andros-Ln-33312/home/41813366,Beaches MLS,F10335278,N,Y,26.0892675,-80.187738
MLS Listing,,Multi-Family (2-4 Unit),4940 SW 28th Ter,Fort Lauderdale,FL,33312,630000,4,2.0,Jacaranda Heights 31-31 B,1288,,1966,320,489,,Active,,,https://www.redfin.com/FL/Fort-Lauderdale/4940-SW-28th-Ter-33312/home/179803409,Beaches MLS,F10333861,N,Y,26.0602685,-80.178679
MLS Listing,,Single Family Residential,2400 Cat Cay Ln,Fort Lauderdale,FL,33312,998000,3,2.0,Lauderdale Isles 2 34-3 B,1475,9904,1954,334,677,,Active,,,https://www.redfin.com/FL/Fort-Lauderdale/2400-Cat-Cay-Ln-33312/home/41812742,Beaches MLS,F10332465,N,Y,26.0916276,-80.1892755
MLS Listing,,Multi-Family (2-4 Unit),1820 SW 9th St,Fort Lauderdale,FL,33312,1300000,9,6.0,RIVERSIDE PARK,2576,,2022,416,505,,Active,,,https://www.redfin.com/FL/Fort-Lauderdale/1820-SW-9th-St-33312/home/41795414,MARMLS,A11161859,N,Y,26.110573,-80.165918
MLS Listing,,Single Family Residential,1017 SW 4th St,Fort Lauderdale,FL,33312,950000,3,2.5,Waverly Place 2-19 D,1806,3160,1938,445,526,,Active,,,https://www.redfin.com/FL/Fort-Lauderdale/1017-Tequesta-St-33312/home/41795819,Beaches MLS,F10294391,N,Y,26.1177819,-80.1554783
MLS Listing,,Single Family Residential,1600 SW 15th Ave,Fort Lauderdale,FL,33312,11000000,1,1.5,Bossert Isles,1736,198719,2018,817,6336,,Active,,,https://www.redfin.com/FL/Fort-Lauderdale/1600-SW-15th-Ave-33312/home/41807228,Beaches MLS,F10267378,N,Y,26.101357,-80.1609979
MLS Listing,,Vacant Land,2508-2516 Davie Blvd,Fort Lauderdale,FL,33312,599000,,,RELLAND PARK,,7754,,859,,,Active,,,https://www.redfin.com/FL/Fort-Lauderdale/2508-Davie-Blvd-33312/home/173955977,MARMLS,A10971600,N,Y,26.1062446,-80.1754529
MLS Listing,,Vacant Land,729 SW 15th Ave,Fort Lauderdale,FL,33312,499000,,,RIVERSIDE,,10000,,859,,,Active,,,https://www.redfin.com/FL/Fort-Lauderdale/729-SW-15th-Ave-33312/home/41796723,MARMLS,A10971580,N,Y,26.111799,-80.161921
For-Sale-by-Owner Listing,,Single Family Residential,1949 SW 28th Ter,Fort Lauderdale,FL,33312,815000,4,2.0,Fort Lauderdale,,,,161,,,Active,,,https://www.redfin.com/FL/Fort-Lauderdale/1949-SW-28th-Ter-33312/home/41810615,FSBO.com,533512,N,Y,26.0975989,-80.1803138
For-Sale-by-Owner Listing,,Single Family Residential,4425 SW 26th Ave,Fort Lauderdale,FL,33312,1900000,3,2.0,Fort Lauderdale,2400,12196,2006,196,792,,Active,,,https://www.redfin.com/FL/Fort-Lauderdale/4425-SW-26th-Ave-33312/home/41819537,Fizber.com,11481515,N,Y,26.067235,-80.175873
